id,ori_text,ori_label,pattern,highlight
0,"Premise: Runners in various athletic garb, as well as one individual in a spotted-green dragon costume, run to the right.
Hypothesis: Runners see a dragon costumed animal",contradiction,ADV|[hold],"[[['as', 'one'], 8, 10]]"
5,"Premise: Seven dogs are swimming in a natural body of water.
Hypothesis: There are people in the water.",contradiction,ADV|[hold],
6,"Premise: Six skimpily dressed cheerleaders with pompoms are standing at the game field sidelines during an outside event.
Hypothesis: The cheerleaders are inside.",contradiction,ADV|[hold],"[[['dressed'], 3, 4], [[], 26, 27]]"
12,"Premise: Several man in black tops sit silently.
Hypothesis: People are playing music.",contradiction,ADV|[hold],"[[['People'], 8, 9]]"
16,"Premise: Men in hard hats and brightly colored shirts are on scaffolding next to an oil rig.
Hypothesis: Men stand next to a building.",contradiction,ADV|[hold],"[[['colored'], 7, 8], [['to'], 13, 14], [[], 24, 25]]"
17,"Premise: The cyclist rides on a wooded path.
Hypothesis: The cyclist rides on a stationary bicycle in the gym.",contradiction,ADV|[hold],
22,"Premise: A bald musician, playing his guitar in a performance.
Hypothesis: A long-haired musician, playing his guitar and singing in a performance.",contradiction,ADV|[hold],
23,"Premise: Two people sitting at a table in a restaurant.
Hypothesis: Two people are getting ready to fight.",contradiction,ADV|[hold],
25,"Premise: A young girl is running upstairs to her room.
Hypothesis: A child is outdoors.",contradiction,ADV|[hold],"[[['to'], 7, 8], [[], 18, 19]]"
28,"Premise: A girl in a blue gown stands in front of a drab crowd while they watch something.
Hypothesis: The girl is wearing a blue jacket",contradiction,ADV|[hold],
34,"Premise: A woman is standing near the desert, looks to be throwing something.
Hypothesis: A woman is close to the water.",contradiction,ADV|[hold],
36,"Premise: One man is sitting on top of a school bus, while another man, wearing a matching shirt, is standing inside.
Hypothesis: A dog catches a frisbee.",contradiction,ADV|[hold],"[[['a'], 24, 25]]"
41,"Premise: Two people wearing backpacks walking in a line along a mountain trail.
Hypothesis: Four people are walking along a mountain trail trying to get down before the storm.",contradiction,ADV|[hold],
42,"Premise: Two children fight over their baby sibling. 
Hypothesis: The children have been playing for one hour.",contradiction,ADV|[hold],
43,"Premise: A view of a park during the daytime with large skyscrapers in the background.
Hypothesis: It is nighttime outside",contradiction,ADV|[hold],"[[[], 23, 24]]"
47,"Premise: Two young girls, one in sunglasses, play with a large soap bubble in the park.
Hypothesis: A couple of children are inside.",contradiction,ADV|[hold],"[[[], 28, 29]]"
49,"Premise: Men working in the ceiling of a subway station.
Hypothesis: The men aren't repairing the subway roof.",contradiction,ADV|[hold],
52,"Premise: A little boy is riding a dirt bike with the number seven on it going down a hill.
Hypothesis: Appaloosa Pegasus does math.",contradiction,ADV|[hold],
57,"Premise: Several men in black t-shirts and caps are using plastic rods to smash food that's lying on a round table with a hole in the center.
Hypothesis: men using metal rods",contradiction,ADV|[hold],
58,"Premise: Four football players raise their helmets at the game.
Hypothesis: The guys here forgot the rules of soccer.",contradiction,ADV|[hold],"[[['soccer.'], 17, 18]]"
62,"Premise: A family is observing a flying show.
Hypothesis: The family is inside the house.",contradiction,ADV|[hold],
63,"Premise: A young girl with water wings leaps into an empty pool
Hypothesis: There are people in a pool.",contradiction,ADV|[hold],
66,"Premise: Two youthful street performers play flute and bongos on the street.
Hypothesis: Two people play guitar.",contradiction,ADV|[hold],
75,"Premise: A young couple playfully playing in the park.
Hypothesis: Two people in a subway station.",contradiction,ADV|[hold],"[[['playing'], 5, 6]]"
78,"Premise: Only one child  eats ice cream while sitting on a bench.
Hypothesis: Two siblings are eating ice cream.",contradiction,ADV|[hold],"[[['one'], 2, 3]]"
80,"Premise: Two young women are walking to church and having a conversation.
Hypothesis: The women are walking to a friend's house.",contradiction,ADV|[hold],
85,"Premise: Guy in Santa suit wearing ninja mask and horns
Hypothesis: the man is wearing a elf suit and a dog mask",contradiction,ADV|[hold],
92,"Premise: Just two men near a building, one smoking and pulling off a leather glove, and the other man is standing wearing a blue construction helmet.
Hypothesis: There are at least three people in the photo.",contradiction,ADV|[hold],"[[['two'], 2, 3], [[], 35, 37]]"
105,"Premise: Several children leaping into a pile of leaves on the ground.
Hypothesis: The children leaped into a pile of balloons.",contradiction,ADV|[hold],
107,"Premise: A young girl in white has pinned down another girl wearing blue that is lying face down on the ground.
Hypothesis: A young boy pins down another girl.",contradiction,ADV|[hold],
111,"Premise: A little girl pushes a merry-go-round in a park while two other kids hold on. ee
Hypothesis: A little girl is not playing with  the merry-go-round",contradiction,ADV|[hold],"[[['girl'], 19, 20]]"
112,"Premise: A bird splashing in a puddle
Hypothesis: The squirrel is playing with another squirrel.",contradiction,ADV|[hold],
113,"Premise: A three-piece band plays a song on a medium-size stage.
Hypothesis: The band is playing punk rock music.",contradiction,ADV|[hold],
115,"Premise: A red truck is parked next to a burning blue building while a man in a green vest runs toward it.
Hypothesis: The burning blue building sees no one running towards it.",contradiction,ADV|[hold],"[[['to'], 7, 8]]"
116,"Premise: A hockey player in a blue shirt is missing a goal.
Hypothesis: a hockey is scoring a goal",contradiction,ADV|[hold],
117,"Premise: This is a man in a photo booth.
Hypothesis: An alien in a photo booth at a carnival.",contradiction,ADV|[hold],
119,"Premise: A man in an orange vest is facing towards the camera rising on a bus.
Hypothesis: A man faces away from the bus.",contradiction,ADV|[hold],"[[[], 24, 25]]"
121,"Premise: A group of people working to package the drink.
Hypothesis: A group of dogs working to package the food.",contradiction,ADV|[hold],
126,"Premise: Girls with a blue bucket is playing and splashing in the ocean water.
Hypothesis: A boy is playing at the beach.",contradiction,ADV|[hold],
127,"Premise: A woman and three children are jumping into a swimming pool.
Hypothesis: A family is playing basketball.",contradiction,ADV|[hold],
133,"Premise: A woman swings on a rope overlooking a red farmhouse and gated pastures and tall trees.
Hypothesis: the woman is hanging out with her kids",contradiction,ADV|[hold],
134,"Premise: The guy wearing sunglasses and a hat is talking into a microphone.
Hypothesis: The guy is singing.",contradiction,ADV|[hold],
135,"Premise: man being thrown off horse in a rodeo
Hypothesis: A brown horse throws off a girl.",contradiction,ADV|[hold],
140,"Premise: There is a man poking a long stick up towards the ceiling.
Hypothesis: The man has no stick.",contradiction,ADV|[hold],
143,"Premise: Many people stand with their hands raised.
Hypothesis: they are all sitting down",contradiction,ADV|[hold],"[[[], 15, 16]]"
152,"Premise: An older man and woman sitting on a cement bench with frowns on their faces are arguing about their kids.
Hypothesis: The man and woman are arguing about money",contradiction,ADV|[hold],
156,"Premise: Three people trudge through the snow wearing snowshoes and using walking sticks.
Hypothesis: Six people are in mud",contradiction,ADV|[hold],
162,"Premise: A woman wearing a shite short-sleeved shirt kisses a woman wearing a light pink jacket while standing on a public street.
Hypothesis: A man is kissing a woman",contradiction,ADV|[hold],"[[['shirt'], 7, 8]]"
164,"Premise: Two women with black hair stand in front of plywood.
Hypothesis: Two women picking up plywood to build a fort.",contradiction,ADV|[hold],
165,"Premise: An older gentleman working with tools in a machine tool shop while wearing headphones to protect his ears from the noise.
Hypothesis: An older gentleman is eating a sandwich.",contradiction,ADV|[hold],
166,"Premise: A mountaineer about to descend down a mountain with a blue helmet on.
Hypothesis: A man is drinking hot cocoa inside a lodge.",contradiction,ADV|[hold],
182,"Premise: A group, dressed in scuba gear, is sitting at the bottom of a pool.
Hypothesis: People are at a shopping mall .",contradiction,ADV|[hold],
186,"Premise: A tiny boy dressed in black is doing a skateboarding jump with a crowd watching.
Hypothesis: A tall human in black.",contradiction,ADV|[hold],
187,"Premise: A person wearing a straw hat, standing outside working a steel apparatus with a pile of coconuts on the ground.
Hypothesis: A person is near a pile of doughnuts.",contradiction,ADV|[hold],"[[['a'], 10, 11]]"
191,"Premise: A man in a muddy field sowing seeds.
Hypothesis: A man is reaping corn.",contradiction,ADV|[hold],
195,"Premise: A man is jumping off the grass into the fire while holding onto a giant white balloon.
Hypothesis: The man leapt to safety without letting go of his balloon.",contradiction,ADV|[hold],"[[['onto'], 13, 14]]"
199,"Premise: A girl is jogging down a deserted street.
Hypothesis: The street is empty but for one man",contradiction,ADV|[hold],
201,"Premise: A shirtless woman in gray pants works at a conveyor belt beside a blue tarp on a boat which is surrounded by gray water.
Hypothesis: A fisherman in the middle of a long shift.",contradiction,ADV|[hold],
204,"Premise: A man is riding a red motorcycle with a small child sitting in front of him.
Hypothesis: A man rides his car with his son.",contradiction,ADV|[hold],
205,"Premise: Two little boys are smiling and laughing while one is standing and one is in a bouncy seat.
Hypothesis: The little boys are crying.",contradiction,ADV|[hold],
206,"Premise: The people are getting ready for the show to begin.
Hypothesis: People stare in awe at the movie screen.",contradiction,ADV|[hold],
213,"Premise: A crowd is on their way out after hugging a bride.
Hypothesis: The crowd is waiting for a bouquet .",contradiction,ADV|[hold],"[[['after'], 8, 9]]"
215,"Premise: A man with a can walks past a painting of a construction scene.
Hypothesis: Women are seated at a diner.",contradiction,ADV|[hold],
216,"Premise: A group of adults gathers together to watch a movie.
Hypothesis: Some children are watching their friends perform in the holiday play.",contradiction,ADV|[hold],"[[['to'], 7, 8]]"
223,"Premise: A rice field near some old buildings.
Hypothesis: There are no rice fields.",contradiction,ADV|[hold],
224,"Premise: A woman with a pink purse walks down a crowded sidewalk.
Hypothesis: A woman walks through a forest",contradiction,ADV|[hold],
225,"Premise: A man talking to a family unit holding some sort of probing device as they look on and smile to be polite.
Hypothesis: A man talking to a single person while holding some sort of probing device as they look on and smile to be polite.",contradiction,ADV|[hold],"[[['some'], 9, 10], [['device'], 36, 37]]"
228,"Premise: Two women are boxing in a fighting arena.
Hypothesis: TWo men are boxing.",contradiction,ADV|[hold],
233,"Premise: Asian artist stretches while painting outdoors.
Hypothesis: The artist is painting an indoor scene.",contradiction,ADV|[hold],"[[['The'], 7, 8]]"
234,"Premise: A sitting man is spraying a squirt bottle at a pedestrian while holding an umbrella over his head.
Hypothesis: A man reads the paper.",contradiction,ADV|[hold],"[[['an'], 14, 15]]"
239,"Premise: A large crowd of people, and at the side a gardner having his picture taken.
Hypothesis: A famous actor is getting photographed on the red carpet in front of his adoring fans.",contradiction,ADV|[hold],
243,"Premise: A frowning man on a horse in front of brush and woods.
Hypothesis: A man enjoys a day in the woods with his horse.",contradiction,ADV|[hold],
244,"Premise: Two people are walking down the street holding hands in the fall looking for a car.
Hypothesis: A couple is looking for a house.",contradiction,ADV|[hold],"[[['hands'], 9, 10]]"
245,"Premise: A dog sits on its purple toy in the snowy field. 
Hypothesis: A dog is running.",contradiction,ADV|[hold],
247,"Premise: A sober, upset old man smiling at the camera in front of a rocky, barren patch of land.
Hypothesis: A man is smiling because he is drunk and happy.",contradiction,ADV|[hold],
249,"Premise: A man with a blue, collared shirt sits in front of another man.
Hypothesis: a naked man is looking at his friend",contradiction,ADV|[hold],
251,"Premise: A man is crouched down on a skateboard and is being pulled along in the water.
Hypothesis: the man on a snowboard",contradiction,ADV|[hold],"[[['in'], 14, 15]]"
253,"Premise: A woman is standing near the water, looks to be throwing something.
Hypothesis: The man is standing near the water.",contradiction,ADV|[hold],
260,"Premise: Four young men stare up at the scoreboard, in an outdoor, urban basketball court.
Hypothesis: Four young men looking up at a basketball hoop.",contradiction,ADV|[hold],
261,"Premise: A man in a black shirt and white shorts is standing with his foot on a chair at a table set up with a video recording camera and a green screen in the background on a movie set.
Hypothesis: the man is a player",contradiction,ADV|[hold],
264,"Premise: A group of older folks gather around a table looking off into the distance.
Hypothesis: A group of people are sitting on a plane",contradiction,ADV|[hold],
266,"Premise: A blond street worker wearing a white hard hat, orange shirt, jeans and a reflective jacket is relaxing in front of a white truck and orange pylons.
Hypothesis: A street working is working on a building.",contradiction,ADV|[hold],
267,"Premise: Two men look at a table with assorted items on it in some sort of market that others are currently browsing.
Hypothesis: two women are looking",contradiction,ADV|[hold],"[[['browsing.\nHypothesis:'], 21, 22]]"
268,"Premise: An elderly man, wearing a white hat, is sweeping a parking lot.
Hypothesis: A man is outside in the grass.",contradiction,ADV|[hold],"[[[], 23, 24]]"
269,"Premise: A young boy with brown hair is being lifted from his seat after being dunked in the water with people looking on.
Hypothesis: A woman is participating in a dunk tank activity",contradiction,ADV|[hold],
271,"Premise: Island native fishermen reeling in their nets after a long day's work.
Hypothesis: The men are casting their nets.",contradiction,ADV|[hold],
272,"Premise: the little boy sitting next to the girl is covering his face with his hand.
Hypothesis: A girl has covered her face.",contradiction,ADV|[hold],"[[['to'], 6, 7]]"
275,"Premise: A man wearing dark knee boots, a green cape, and a hat with two big feathers on the front is sitting by himself on a bench in front of a building with a blue and white patterned piece of wheeled luggage to his right while he rests both his hands on a walking stick.
Hypothesis: A man is standing by himself next to a luggage at Mardi Gras.",contradiction,ADV|[hold],"[[[], 68, 69]]"
276,"Premise: Two babies, one in red, asleep in their highchairs.
Hypothesis: Three babies are asleep",contradiction,ADV|[hold],
283,"Premise: A woman sitting down with her stuff animal and candy apple.
Hypothesis: A woman performs CPR on an unresponsive child near the water.",contradiction,ADV|[hold],
285,"Premise: Two brown dog play with each other inside.
Hypothesis: Two dogs are playing outside.",contradiction,ADV|[hold],"[[['Two'], 9, 10], [[], 18, 19]]"
287,"Premise: A person wearing something gray while fixing a yellow and gray wall.
Hypothesis: No one is working on a wall.",contradiction,ADV|[hold],
291,"Premise: A girl is splashed with water as she plays outdoors with her parents.
Hypothesis: Siblings splashing their sister with water.",contradiction,ADV|[hold],"[[['with'], 11, 12]]"
294,"Premise: A barefooted woman in a white tank and blue shorts puts her feet in the water spray.
Hypothesis: A women does not put her feet in the water.",contradiction,ADV|[hold],
296,"Premise: A young dark-haired woman crouches on the banks of a river while washing dishes.
Hypothesis: A woman washes clothes in the river.",contradiction,ADV|[hold],
299,"Premise: Group of people outside in the city videotaping a show.
Hypothesis: people are watching a football game at a stadium",contradiction,ADV|[hold],"[[['in'], 5, 6]]"
300,"Premise: Three children are by a waterway behind a house.
Hypothesis: Three children are indoors.",contradiction,ADV|[hold],
303,"Premise: Two college students talking about their dresses they have.
Hypothesis: Two college students compare their classes and teachers.",contradiction,ADV|[hold],
307,"Premise: A guy in glasses is biting into a pink marshmallow chick while somebody else is puckering their lips out wanting a bite.
Hypothesis: A man is vomiting a marshmallow.",contradiction,ADV|[hold],"[[['is'], 15, 16]]"
309,"Premise: Two men reading in front of an audience.
Hypothesis: Two men fighting in front of people.",contradiction,ADV|[hold],
312,"Premise: Three dogs are swimming in a pool with a ball.
Hypothesis: people swimming with ball",contradiction,ADV|[hold],
315,"Premise: a dog jumps over the couch.
Hypothesis: dog is jumping over a pole",contradiction,ADV|[hold],
318,"Premise: A man in a blue jacket and gloves is standing in the street among other people.
Hypothesis: The man is alone and naked at home.",contradiction,ADV|[hold],
321,"Premise: A small child is riding in a red wagon.
Hypothesis: A kid is in a car.",contradiction,ADV|[hold],
322,"Premise: An attractive female athlete is stretching after exiting a swimming pool.
Hypothesis: An attractive lady runs in blue shorts after getting out of a deep pool.",contradiction,ADV|[hold],
325,"Premise: A man wearing black shorts with white stripes is swimming in the water.
Hypothesis: A man jumps.",contradiction,ADV|[hold],
326,"Premise: The girl wearing a brown jacket whilst walking in her office.
Hypothesis: The girl is walking outside.",contradiction,ADV|[hold],"[[[], 21, 22]]"
330,"Premise: A boy in overalls standing next to his two hitched horses.
Hypothesis: An old man and his farming horses.",contradiction,ADV|[hold],"[[['to'], 7, 8]]"
332,"Premise: A woman is holding a bouquet of tissue paper flowers while two men look on from the porch.
Hypothesis: One girl watch a woman holding tissue paper flowers.",contradiction,ADV|[hold],"[[['a'], 5, 6], [[], 29, 30]]"
337,"Premise: Two bearded men sit side by side.
Hypothesis: Two clean shaven men are sitting down.",contradiction,ADV|[hold],
342,"Premise: A group of laughing people on a red couch.
Hypothesis: A group of people are arguing on the couch.",contradiction,ADV|[hold],
344,"Premise: little boy looking through a telescope on playground equipment with the sun glaring off the pole his hand is on.
Hypothesis: A young boy is looking at the moon through a telescope.",contradiction,ADV|[hold],
346,"Premise: A construction man appears to be staring at a device.
Hypothesis: A woman looks at something in her hands.",contradiction,ADV|[hold],
348,"Premise: A joyous child runs with a football.
Hypothesis: A sad child runs with a football.",contradiction,ADV|[hold],
349,"Premise: A guy on a skateboard doing a roll around a fire thing.
Hypothesis: a guy doing flips",contradiction,ADV|[hold],
352,"Premise: Several man in black tops play the guitar.
Hypothesis: People are playing baseball.",contradiction,ADV|[hold],
353,"Premise: Woman and young lady sit on the sidewalk while young man plays flute in background.
Hypothesis: They are behind the music.",contradiction,ADV|[hold],
354,"Premise: A skier is heading into a grove of trees.
Hypothesis: The skier is riding the lift up the mountain.",contradiction,ADV|[hold],
356,"Premise: Group of children, three boys, one girl making faces toward camera.
Hypothesis: Kids are fighting while facing the camera.",contradiction,ADV|[hold],
358,"Premise: A family is observing a fashion show.
Hypothesis: A family looking up into the sky at a flight show outside.",contradiction,ADV|[hold],"[[[], 24, 25]]"
361,"Premise: Man with a hat on bends over to pick up the soap from bathtub.
Hypothesis: A man bends over outside.",contradiction,ADV|[hold],"[[[], 24, 25]]"
364,"Premise: A little white dog in running on the sidewalk to it's owner.
Hypothesis: Dog running away from its owners.",contradiction,ADV|[hold],"[[[], 21, 22]]"
365,"Premise: A man in a superhero costume, complete with mask and cape, posing in a public venue with pedestrians around.
Hypothesis: A man has a police costume.",contradiction,ADV|[hold],"[[['has'], 22, 23]]"
373,"Premise: Two people, a man in all black and a woman in white, are dancing at a bar mitzvah.
Hypothesis: People are dancing at a wedding.",contradiction,ADV|[hold],
375,"Premise: a woman in a red dress is standing next to a boy in red and a boy in yellow and they are holding baseball gloves.
Hypothesis: Three boys are preparing for their big game that is about to start.",contradiction,ADV|[hold],"[[['to'], 10, 11], [['baseball'], 24, 25]]"
377,"Premise: Young girl in a blue dress walking on the sand, with 2 children in the background walking by the trees and brush.
Hypothesis: The girl is sleeping.",contradiction,ADV|[hold],
380,"Premise: Two men are standing and talking on a dock area.
Hypothesis: Three men are biting.",contradiction,ADV|[hold],
381,"Premise: A man with a can walks past a painting of a construction scene.
Hypothesis: A piece of food.",contradiction,ADV|[hold],
382,"Premise: Four bearded men sitting in a restaurant smile at the camera.
Hypothesis: The men are sitting inside of a conference room.",contradiction,ADV|[hold],"[[[], 21, 22]]"
383,"Premise: A big girl is playing outside in the cold on ice.
Hypothesis: A small girl is playing hockey outside.",contradiction,ADV|[hold],"[[['in'], 7, 8], [[], 23, 24]]"
384,"Premise: An young guy, probably aged five, shows off his culinary skills with pride.
Hypothesis: The guy is over the age of ten.",contradiction,ADV|[hold],"[[['five,'], 6, 7]]"
389,"Premise: a young girl climbs a rock wall, in a purple dress.
Hypothesis: A girl in a green dress is climbing a wall.",contradiction,ADV|[hold],
393,"Premise: The guy wearing sunglasses and a hat is singing into a microphone.
Hypothesis: The gal is singing.",contradiction,ADV|[hold],
398,"Premise: A man in a blue dress is working under a bus, another man is rotating a tyre.
Hypothesis: A man in a purple dress is fixing a bus.",contradiction,ADV|[hold],
399,"Premise: A woman reaching for an item on the floor.
Hypothesis: A woman reaches for something on the table.",contradiction,ADV|[hold],
400,"Premise: No one is around a lady in a red shirt who is laying down hurt next to two bikes.
Hypothesis: Some people will help her.",contradiction,ADV|[hold],"[[['to'], 17, 18]]"
401,"Premise: An Asian man in a purple shirt preparing a bowl of food for the younger Asian boy sitting near buy, while an Asian man eats a roll and prepares to take some food up with his chopsticks.
Hypothesis: A woman is preparing food for a child.",contradiction,ADV|[hold],
402,"Premise: A woman with a white blanket over her head is holding a baby wrapped in a blue, pink, and yellow blanket.
Hypothesis: The blanket is black.",contradiction,ADV|[hold],"[[['a'], 12, 13]]"
405,"Premise: Two women jogging down a sidewalk in front of a person leaning on a bench in front of a lake. with another person
Hypothesis: The men are joggind down a sidewalk.",contradiction,ADV|[hold],
410,"Premise: A smiling woman talks on a cellphone.
Hypothesis: The woman ignores the call and puts the phone down.",contradiction,ADV|[hold],
413,"Premise: A crowd of people watch a street performer do a trick with a fancy pogo stick.
Hypothesis: A crowd of people inside.",contradiction,ADV|[hold],"[[[], 26, 27]]"
417,"Premise: A toddler is playing with colorful plastic building toys.
Hypothesis: A human sleeping.",contradiction,ADV|[hold],
422,"Premise: A person is about to roll the bowling ball attempting to hit bowling pins, but misses.
Hypothesis: Someone is bowling a perfect game.",contradiction,ADV|[hold],
425,"Premise: A man with a peach colored shirt leaning against a wall talking to a woman in a red skirt with long braided hair.
Hypothesis: Bob was wearing his black colored tshirt while talking to a long braided hair lady.",contradiction,ADV|[hold],
0,"Premise: Runners in various athletic garb, as well as one individual in a spotted-green dragon costume, run to the right.
Hypothesis: Runners see a dragon costumed animal",contradiction,NUM|[fire],"[[['in'], 11, 12]]"
5,"Premise: Seven dogs are swimming in a natural body of water.
Hypothesis: There are people in the water.",contradiction,NUM|[fire],"[[['dogs'], 2, 3]]"
6,"Premise: Six skimpily dressed cheerleaders with pompoms are standing at the game field sidelines during an outside event.
Hypothesis: The cheerleaders are inside.",contradiction,NUM|[fire],"[[['skimpily'], 2, 3]]"
12,"Premise: Several man in black tops sit silently.
Hypothesis: People are playing music.",contradiction,NUM|[fire],
16,"Premise: Men in hard hats and brightly colored shirts are on scaffolding next to an oil rig.
Hypothesis: Men stand next to a building.",contradiction,NUM|[fire],
17,"Premise: The cyclist rides on a wooded path.
Hypothesis: The cyclist rides on a stationary bicycle in the gym.",contradiction,NUM|[fire],
22,"Premise: A bald musician, playing his guitar in a performance.
Hypothesis: A long-haired musician, playing his guitar and singing in a performance.",contradiction,NUM|[fire],
23,"Premise: Two people sitting at a table in a restaurant.
Hypothesis: Two people are getting ready to fight.",contradiction,NUM|[fire],"[[['people'], 2, 3], [['to'], 15, 16]]"
25,"Premise: A young girl is running upstairs to her room.
Hypothesis: A child is outdoors.",contradiction,NUM|[fire],
28,"Premise: A girl in a blue gown stands in front of a drab crowd while they watch something.
Hypothesis: The girl is wearing a blue jacket",contradiction,NUM|[fire],
34,"Premise: A woman is standing near the desert, looks to be throwing something.
Hypothesis: A woman is close to the water.",contradiction,NUM|[fire],
36,"Premise: One man is sitting on top of a school bus, while another man, wearing a matching shirt, is standing inside.
Hypothesis: A dog catches a frisbee.",contradiction,NUM|[fire],"[[['man'], 2, 3]]"
41,"Premise: Two people wearing backpacks walking in a line along a mountain trail.
Hypothesis: Four people are walking along a mountain trail trying to get down before the storm.",contradiction,NUM|[fire],"[[['people'], 2, 3], [['a'], 18, 19]]"
42,"Premise: Two children fight over their baby sibling. 
Hypothesis: The children have been playing for one hour.",contradiction,NUM|[fire],"[[['children'], 2, 3], [[], 19, 20]]"
43,"Premise: A view of a park during the daytime with large skyscrapers in the background.
Hypothesis: It is nighttime outside",contradiction,NUM|[fire],
47,"Premise: Two young girls, one in sunglasses, play with a large soap bubble in the park.
Hypothesis: A couple of children are inside.",contradiction,NUM|[fire],"[[['young'], 2, 3], [['sunglasses,'], 6, 7]]"
49,"Premise: Men working in the ceiling of a subway station.
Hypothesis: The men aren't repairing the subway roof.",contradiction,NUM|[fire],
52,"Premise: A little boy is riding a dirt bike with the number seven on it going down a hill.
Hypothesis: Appaloosa Pegasus does math.",contradiction,NUM|[fire],"[[['on'], 13, 14]]"
57,"Premise: Several men in black t-shirts and caps are using plastic rods to smash food that's lying on a round table with a hole in the center.
Hypothesis: men using metal rods",contradiction,NUM|[fire],
58,"Premise: Four football players raise their helmets at the game.
Hypothesis: The guys here forgot the rules of soccer.",contradiction,NUM|[fire],"[[['football'], 2, 3]]"
62,"Premise: A family is observing a flying show.
Hypothesis: The family is inside the house.",contradiction,NUM|[fire],
63,"Premise: A young girl with water wings leaps into an empty pool
Hypothesis: There are people in a pool.",contradiction,NUM|[fire],
66,"Premise: Two youthful street performers play flute and bongos on the street.
Hypothesis: Two people play guitar.",contradiction,NUM|[fire],"[[['youthful'], 2, 3], [[], 17, 18]]"
75,"Premise: A young couple playfully playing in the park.
Hypothesis: Two people in a subway station.",contradiction,NUM|[fire],"[[['station.'], 14, 15]]"
78,"Premise: Only one child  eats ice cream while sitting on a bench.
Hypothesis: Two siblings are eating ice cream.",contradiction,NUM|[fire],"[[['child'], 3, 4], [['cream.'], 18, 19]]"
80,"Premise: Two young women are walking to church and having a conversation.
Hypothesis: The women are walking to a friend's house.",contradiction,NUM|[fire],"[[['young'], 2, 3]]"
85,"Premise: Guy in Santa suit wearing ninja mask and horns
Hypothesis: the man is wearing a elf suit and a dog mask",contradiction,NUM|[fire],
92,"Premise: Just two men near a building, one smoking and pulling off a leather glove, and the other man is standing wearing a blue construction helmet.
Hypothesis: There are at least three people in the photo.",contradiction,NUM|[fire],"[[['men'], 3, 4], [['and'], 9, 10], [[], 37, 38]]"
105,"Premise: Several children leaping into a pile of leaves on the ground.
Hypothesis: The children leaped into a pile of balloons.",contradiction,NUM|[fire],
107,"Premise: A young girl in white has pinned down another girl wearing blue that is lying face down on the ground.
Hypothesis: A young boy pins down another girl.",contradiction,NUM|[fire],
111,"Premise: A little girl pushes a merry-go-round in a park while two other kids hold on. ee
Hypothesis: A little girl is not playing with  the merry-go-round",contradiction,NUM|[fire],"[[['ee\nHypothesis:'], 16, 17]]"
112,"Premise: A bird splashing in a puddle
Hypothesis: The squirrel is playing with another squirrel.",contradiction,NUM|[fire],
113,"Premise: A three-piece band plays a song on a medium-size stage.
Hypothesis: The band is playing punk rock music.",contradiction,NUM|[fire],"[[['band'], 3, 4]]"
115,"Premise: A red truck is parked next to a burning blue building while a man in a green vest runs toward it.
Hypothesis: The burning blue building sees no one running towards it.",contradiction,NUM|[fire],
116,"Premise: A hockey player in a blue shirt is missing a goal.
Hypothesis: a hockey is scoring a goal",contradiction,NUM|[fire],
117,"Premise: This is a man in a photo booth.
Hypothesis: An alien in a photo booth at a carnival.",contradiction,NUM|[fire],
119,"Premise: A man in an orange vest is facing towards the camera rising on a bus.
Hypothesis: A man faces away from the bus.",contradiction,NUM|[fire],
121,"Premise: A group of people working to package the drink.
Hypothesis: A group of dogs working to package the food.",contradiction,NUM|[fire],
126,"Premise: Girls with a blue bucket is playing and splashing in the ocean water.
Hypothesis: A boy is playing at the beach.",contradiction,NUM|[fire],
127,"Premise: A woman and three children are jumping into a swimming pool.
Hypothesis: A family is playing basketball.",contradiction,NUM|[fire],"[[['children'], 5, 6]]"
133,"Premise: A woman swings on a rope overlooking a red farmhouse and gated pastures and tall trees.
Hypothesis: the woman is hanging out with her kids",contradiction,NUM|[fire],
134,"Premise: The guy wearing sunglasses and a hat is talking into a microphone.
Hypothesis: The guy is singing.",contradiction,NUM|[fire],
135,"Premise: man being thrown off horse in a rodeo
Hypothesis: A brown horse throws off a girl.",contradiction,NUM|[fire],
140,"Premise: There is a man poking a long stick up towards the ceiling.
Hypothesis: The man has no stick.",contradiction,NUM|[fire],
143,"Premise: Many people stand with their hands raised.
Hypothesis: they are all sitting down",contradiction,NUM|[fire],
152,"Premise: An older man and woman sitting on a cement bench with frowns on their faces are arguing about their kids.
Hypothesis: The man and woman are arguing about money",contradiction,NUM|[fire],
156,"Premise: Three people trudge through the snow wearing snowshoes and using walking sticks.
Hypothesis: Six people are in mud",contradiction,NUM|[fire],"[[['people'], 2, 3], [[], 18, 19]]"
162,"Premise: A woman wearing a shite short-sleeved shirt kisses a woman wearing a light pink jacket while standing on a public street.
Hypothesis: A man is kissing a woman",contradiction,NUM|[fire],
164,"Premise: Two women with black hair stand in front of plywood.
Hypothesis: Two women picking up plywood to build a fort.",contradiction,NUM|[fire],"[[['women'], 2, 3], [['to'], 16, 17]]"
165,"Premise: An older gentleman working with tools in a machine tool shop while wearing headphones to protect his ears from the noise.
Hypothesis: An older gentleman is eating a sandwich.",contradiction,NUM|[fire],
166,"Premise: A mountaineer about to descend down a mountain with a blue helmet on.
Hypothesis: A man is drinking hot cocoa inside a lodge.",contradiction,NUM|[fire],
182,"Premise: A group, dressed in scuba gear, is sitting at the bottom of a pool.
Hypothesis: People are at a shopping mall .",contradiction,NUM|[fire],
186,"Premise: A tiny boy dressed in black is doing a skateboarding jump with a crowd watching.
Hypothesis: A tall human in black.",contradiction,NUM|[fire],
187,"Premise: A person wearing a straw hat, standing outside working a steel apparatus with a pile of coconuts on the ground.
Hypothesis: A person is near a pile of doughnuts.",contradiction,NUM|[fire],
191,"Premise: A man in a muddy field sowing seeds.
Hypothesis: A man is reaping corn.",contradiction,NUM|[fire],
195,"Premise: A man is jumping off the grass into the fire while holding onto a giant white balloon.
Hypothesis: The man leapt to safety without letting go of his balloon.",contradiction,NUM|[fire],"[[['while'], 11, 12]]"
199,"Premise: A girl is jogging down a deserted street.
Hypothesis: The street is empty but for one man",contradiction,NUM|[fire],"[[[], 20, 21]]"
201,"Premise: A shirtless woman in gray pants works at a conveyor belt beside a blue tarp on a boat which is surrounded by gray water.
Hypothesis: A fisherman in the middle of a long shift.",contradiction,NUM|[fire],
204,"Premise: A man is riding a red motorcycle with a small child sitting in front of him.
Hypothesis: A man rides his car with his son.",contradiction,NUM|[fire],
205,"Premise: Two little boys are smiling and laughing while one is standing and one is in a bouncy seat.
Hypothesis: The little boys are crying.",contradiction,NUM|[fire],"[[['little'], 2, 3], [['is'], 10, 11], [['is'], 14, 15]]"
206,"Premise: The people are getting ready for the show to begin.
Hypothesis: People stare in awe at the movie screen.",contradiction,NUM|[fire],
213,"Premise: A crowd is on their way out after hugging a bride.
Hypothesis: The crowd is waiting for a bouquet .",contradiction,NUM|[fire],
215,"Premise: A man with a can walks past a painting of a construction scene.
Hypothesis: Women are seated at a diner.",contradiction,NUM|[fire],
216,"Premise: A group of adults gathers together to watch a movie.
Hypothesis: Some children are watching their friends perform in the holiday play.",contradiction,NUM|[fire],
223,"Premise: A rice field near some old buildings.
Hypothesis: There are no rice fields.",contradiction,NUM|[fire],
224,"Premise: A woman with a pink purse walks down a crowded sidewalk.
Hypothesis: A woman walks through a forest",contradiction,NUM|[fire],
225,"Premise: A man talking to a family unit holding some sort of probing device as they look on and smile to be polite.
Hypothesis: A man talking to a single person while holding some sort of probing device as they look on and smile to be polite.",contradiction,NUM|[fire],
228,"Premise: Two women are boxing in a fighting arena.
Hypothesis: TWo men are boxing.",contradiction,NUM|[fire],"[[['women'], 2, 3]]"
233,"Premise: Asian artist stretches while painting outdoors.
Hypothesis: The artist is painting an indoor scene.",contradiction,NUM|[fire],
234,"Premise: A sitting man is spraying a squirt bottle at a pedestrian while holding an umbrella over his head.
Hypothesis: A man reads the paper.",contradiction,NUM|[fire],
239,"Premise: A large crowd of people, and at the side a gardner having his picture taken.
Hypothesis: A famous actor is getting photographed on the red carpet in front of his adoring fans.",contradiction,NUM|[fire],
243,"Premise: A frowning man on a horse in front of brush and woods.
Hypothesis: A man enjoys a day in the woods with his horse.",contradiction,NUM|[fire],
244,"Premise: Two people are walking down the street holding hands in the fall looking for a car.
Hypothesis: A couple is looking for a house.",contradiction,NUM|[fire],"[[['people'], 2, 3]]"
245,"Premise: A dog sits on its purple toy in the snowy field. 
Hypothesis: A dog is running.",contradiction,NUM|[fire],
247,"Premise: A sober, upset old man smiling at the camera in front of a rocky, barren patch of land.
Hypothesis: A man is smiling because he is drunk and happy.",contradiction,NUM|[fire],
249,"Premise: A man with a blue, collared shirt sits in front of another man.
Hypothesis: a naked man is looking at his friend",contradiction,NUM|[fire],
251,"Premise: A man is crouched down on a skateboard and is being pulled along in the water.
Hypothesis: the man on a snowboard",contradiction,NUM|[fire],
253,"Premise: A woman is standing near the water, looks to be throwing something.
Hypothesis: The man is standing near the water.",contradiction,NUM|[fire],
260,"Premise: Four young men stare up at the scoreboard, in an outdoor, urban basketball court.
Hypothesis: Four young men looking up at a basketball hoop.",contradiction,NUM|[fire],"[[['young'], 2, 3], [['basketball'], 22, 23]]"
261,"Premise: A man in a black shirt and white shorts is standing with his foot on a chair at a table set up with a video recording camera and a green screen in the background on a movie set.
Hypothesis: the man is a player",contradiction,NUM|[fire],
264,"Premise: A group of older folks gather around a table looking off into the distance.
Hypothesis: A group of people are sitting on a plane",contradiction,NUM|[fire],
266,"Premise: A blond street worker wearing a white hard hat, orange shirt, jeans and a reflective jacket is relaxing in front of a white truck and orange pylons.
Hypothesis: A street working is working on a building.",contradiction,NUM|[fire],
267,"Premise: Two men look at a table with assorted items on it in some sort of market that others are currently browsing.
Hypothesis: two women are looking",contradiction,NUM|[fire],"[[['men'], 2, 3], [[], 27, 28]]"
268,"Premise: An elderly man, wearing a white hat, is sweeping a parking lot.
Hypothesis: A man is outside in the grass.",contradiction,NUM|[fire],
269,"Premise: A young boy with brown hair is being lifted from his seat after being dunked in the water with people looking on.
Hypothesis: A woman is participating in a dunk tank activity",contradiction,NUM|[fire],
271,"Premise: Island native fishermen reeling in their nets after a long day's work.
Hypothesis: The men are casting their nets.",contradiction,NUM|[fire],
272,"Premise: the little boy sitting next to the girl is covering his face with his hand.
Hypothesis: A girl has covered her face.",contradiction,NUM|[fire],
275,"Premise: A man wearing dark knee boots, a green cape, and a hat with two big feathers on the front is sitting by himself on a bench in front of a building with a blue and white patterned piece of wheeled luggage to his right while he rests both his hands on a walking stick.
Hypothesis: A man is standing by himself next to a luggage at Mardi Gras.",contradiction,NUM|[fire],"[[['on'], 17, 18]]"
276,"Premise: Two babies, one in red, asleep in their highchairs.
Hypothesis: Three babies are asleep",contradiction,NUM|[fire],"[[['babies,'], 2, 3], [['red,'], 5, 6], [[], 17, 18]]"
283,"Premise: A woman sitting down with her stuff animal and candy apple.
Hypothesis: A woman performs CPR on an unresponsive child near the water.",contradiction,NUM|[fire],
285,"Premise: Two brown dog play with each other inside.
Hypothesis: Two dogs are playing outside.",contradiction,NUM|[fire],"[[['brown'], 2, 3], [[], 14, 15]]"
287,"Premise: A person wearing something gray while fixing a yellow and gray wall.
Hypothesis: No one is working on a wall.",contradiction,NUM|[fire],
291,"Premise: A girl is splashed with water as she plays outdoors with her parents.
Hypothesis: Siblings splashing their sister with water.",contradiction,NUM|[fire],
294,"Premise: A barefooted woman in a white tank and blue shorts puts her feet in the water spray.
Hypothesis: A women does not put her feet in the water.",contradiction,NUM|[fire],
296,"Premise: A young dark-haired woman crouches on the banks of a river while washing dishes.
Hypothesis: A woman washes clothes in the river.",contradiction,NUM|[fire],
299,"Premise: Group of people outside in the city videotaping a show.
Hypothesis: people are watching a football game at a stadium",contradiction,NUM|[fire],
300,"Premise: Three children are by a waterway behind a house.
Hypothesis: Three children are indoors.",contradiction,NUM|[fire],"[[['children'], 2, 3], [[], 15, 16]]"
303,"Premise: Two college students talking about their dresses they have.
Hypothesis: Two college students compare their classes and teachers.",contradiction,NUM|[fire],"[[['college'], 2, 3], [['classes'], 15, 16]]"
307,"Premise: A guy in glasses is biting into a pink marshmallow chick while somebody else is puckering their lips out wanting a bite.
Hypothesis: A man is vomiting a marshmallow.",contradiction,NUM|[fire],
309,"Premise: Two men reading in front of an audience.
Hypothesis: Two men fighting in front of people.",contradiction,NUM|[fire],"[[['men'], 2, 3], [['of'], 14, 15]]"
312,"Premise: Three dogs are swimming in a pool with a ball.
Hypothesis: people swimming with ball",contradiction,NUM|[fire],"[[['dogs'], 2, 3]]"
315,"Premise: a dog jumps over the couch.
Hypothesis: dog is jumping over a pole",contradiction,NUM|[fire],
318,"Premise: A man in a blue jacket and gloves is standing in the street among other people.
Hypothesis: The man is alone and naked at home.",contradiction,NUM|[fire],
321,"Premise: A small child is riding in a red wagon.
Hypothesis: A kid is in a car.",contradiction,NUM|[fire],
322,"Premise: An attractive female athlete is stretching after exiting a swimming pool.
Hypothesis: An attractive lady runs in blue shorts after getting out of a deep pool.",contradiction,NUM|[fire],
325,"Premise: A man wearing black shorts with white stripes is swimming in the water.
Hypothesis: A man jumps.",contradiction,NUM|[fire],
326,"Premise: The girl wearing a brown jacket whilst walking in her office.
Hypothesis: The girl is walking outside.",contradiction,NUM|[fire],
330,"Premise: A boy in overalls standing next to his two hitched horses.
Hypothesis: An old man and his farming horses.",contradiction,NUM|[fire],"[[['hitched'], 10, 11]]"
332,"Premise: A woman is holding a bouquet of tissue paper flowers while two men look on from the porch.
Hypothesis: One girl watch a woman holding tissue paper flowers.",contradiction,NUM|[fire],"[[['men'], 13, 14], [['holding'], 24, 25]]"
337,"Premise: Two bearded men sit side by side.
Hypothesis: Two clean shaven men are sitting down.",contradiction,NUM|[fire],"[[['bearded'], 2, 3], [['sitting'], 13, 14]]"
342,"Premise: A group of laughing people on a red couch.
Hypothesis: A group of people are arguing on the couch.",contradiction,NUM|[fire],
344,"Premise: little boy looking through a telescope on playground equipment with the sun glaring off the pole his hand is on.
Hypothesis: A young boy is looking at the moon through a telescope.",contradiction,NUM|[fire],
346,"Premise: A construction man appears to be staring at a device.
Hypothesis: A woman looks at something in her hands.",contradiction,NUM|[fire],
348,"Premise: A joyous child runs with a football.
Hypothesis: A sad child runs with a football.",contradiction,NUM|[fire],
349,"Premise: A guy on a skateboard doing a roll around a fire thing.
Hypothesis: a guy doing flips",contradiction,NUM|[fire],"[[['thing.\nHypothesis:'], 12, 13]]"
352,"Premise: Several man in black tops play the guitar.
Hypothesis: People are playing baseball.",contradiction,NUM|[fire],
353,"Premise: Woman and young lady sit on the sidewalk while young man plays flute in background.
Hypothesis: They are behind the music.",contradiction,NUM|[fire],
354,"Premise: A skier is heading into a grove of trees.
Hypothesis: The skier is riding the lift up the mountain.",contradiction,NUM|[fire],
356,"Premise: Group of children, three boys, one girl making faces toward camera.
Hypothesis: Kids are fighting while facing the camera.",contradiction,NUM|[fire],"[[['one'], 6, 7], [['faces'], 9, 10]]"
358,"Premise: A family is observing a fashion show.
Hypothesis: A family looking up into the sky at a flight show outside.",contradiction,NUM|[fire],
361,"Premise: Man with a hat on bends over to pick up the soap from bathtub.
Hypothesis: A man bends over outside.",contradiction,NUM|[fire],
364,"Premise: A little white dog in running on the sidewalk to it's owner.
Hypothesis: Dog running away from its owners.",contradiction,NUM|[fire],
365,"Premise: A man in a superhero costume, complete with mask and cape, posing in a public venue with pedestrians around.
Hypothesis: A man has a police costume.",contradiction,NUM|[fire],
373,"Premise: Two people, a man in all black and a woman in white, are dancing at a bar mitzvah.
Hypothesis: People are dancing at a wedding.",contradiction,NUM|[fire],"[[['people,'], 2, 3]]"
375,"Premise: a woman in a red dress is standing next to a boy in red and a boy in yellow and they are holding baseball gloves.
Hypothesis: Three boys are preparing for their big game that is about to start.",contradiction,NUM|[fire],"[[['their'], 31, 32]]"
377,"Premise: Young girl in a blue dress walking on the sand, with 2 children in the background walking by the trees and brush.
Hypothesis: The girl is sleeping.",contradiction,NUM|[fire],"[[['in'], 14, 15]]"
380,"Premise: Two men are standing and talking on a dock area.
Hypothesis: Three men are biting.",contradiction,NUM|[fire],"[[['men'], 2, 3], [[], 16, 17]]"
381,"Premise: A man with a can walks past a painting of a construction scene.
Hypothesis: A piece of food.",contradiction,NUM|[fire],
382,"Premise: Four bearded men sitting in a restaurant smile at the camera.
Hypothesis: The men are sitting inside of a conference room.",contradiction,NUM|[fire],"[[['bearded'], 2, 3]]"
383,"Premise: A big girl is playing outside in the cold on ice.
Hypothesis: A small girl is playing hockey outside.",contradiction,NUM|[fire],
384,"Premise: An young guy, probably aged five, shows off his culinary skills with pride.
Hypothesis: The guy is over the age of ten.",contradiction,NUM|[fire],"[[['off'], 8, 9], [[], 28, 29]]"
389,"Premise: a young girl climbs a rock wall, in a purple dress.
Hypothesis: A girl in a green dress is climbing a wall.",contradiction,NUM|[fire],
393,"Premise: The guy wearing sunglasses and a hat is singing into a microphone.
Hypothesis: The gal is singing.",contradiction,NUM|[fire],
398,"Premise: A man in a blue dress is working under a bus, another man is rotating a tyre.
Hypothesis: A man in a purple dress is fixing a bus.",contradiction,NUM|[fire],
399,"Premise: A woman reaching for an item on the floor.
Hypothesis: A woman reaches for something on the table.",contradiction,NUM|[fire],
400,"Premise: No one is around a lady in a red shirt who is laying down hurt next to two bikes.
Hypothesis: Some people will help her.",contradiction,NUM|[fire],"[[['bikes.\nHypothesis:'], 19, 20]]"
401,"Premise: An Asian man in a purple shirt preparing a bowl of food for the younger Asian boy sitting near buy, while an Asian man eats a roll and prepares to take some food up with his chopsticks.
Hypothesis: A woman is preparing food for a child.",contradiction,NUM|[fire],
402,"Premise: A woman with a white blanket over her head is holding a baby wrapped in a blue, pink, and yellow blanket.
Hypothesis: The blanket is black.",contradiction,NUM|[fire],
405,"Premise: Two women jogging down a sidewalk in front of a person leaning on a bench in front of a lake. with another person
Hypothesis: The men are joggind down a sidewalk.",contradiction,NUM|[fire],"[[['women'], 2, 3]]"
410,"Premise: A smiling woman talks on a cellphone.
Hypothesis: The woman ignores the call and puts the phone down.",contradiction,NUM|[fire],
413,"Premise: A crowd of people watch a street performer do a trick with a fancy pogo stick.
Hypothesis: A crowd of people inside.",contradiction,NUM|[fire],
417,"Premise: A toddler is playing with colorful plastic building toys.
Hypothesis: A human sleeping.",contradiction,NUM|[fire],
422,"Premise: A person is about to roll the bowling ball attempting to hit bowling pins, but misses.
Hypothesis: Someone is bowling a perfect game.",contradiction,NUM|[fire],
425,"Premise: A man with a peach colored shirt leaning against a wall talking to a woman in a red skirt with long braided hair.
Hypothesis: Bob was wearing his black colored tshirt while talking to a long braided hair lady.",contradiction,NUM|[fire],
1,"Premise: A runner, number C103, in a race is wearing a green and white tank top and black shorts.
Hypothesis: the runner is in a race",entailment,[woman]|[large]+*+NOUN,
2,"Premise: A man in a black shirt and blue jeans crawls on a table.
Hypothesis: A man wearing a black shirt.",entailment,[woman]|[large]+*+NOUN,
3,"Premise: A little boy wearing goggles on top of his head, jumps through a deep water puddle with long pants on and having fun.
Hypothesis: A boy is splashing through a puddle for fun.",entailment,[woman]|[large]+*+NOUN,
4,"Premise: A woman with a beautiful dress and matching umbrella is walking down the street carrying a purse on her arm.
Hypothesis: The woman is walking down the street.",entailment,[woman]|[large]+*+NOUN,
7,"Premise: Two children smiling and sitting on grass.
Hypothesis: Two children are sitting in the grass.",entailment,[woman]|[large]+*+NOUN,
8,"Premise: A young man standing outside a laundromat.
Hypothesis: A man is standing.",entailment,[woman]|[large]+*+NOUN,
9,"Premise: A woman wearing a green shirt stands on the railroad tracks.
Hypothesis: The woman is wearing a green shirt.",entailment,[woman]|[large]+*+NOUN,
10,"Premise: Three lean, numbered, greyhounds eat dog food before race.
Hypothesis: The greyhounds are eating dog food.",entailment,[woman]|[large]+*+NOUN,
13,"Premise: A boy in a white shirt walks in the ocean.
Hypothesis: A boy going to get wet in the ocean.",entailment,[woman]|[large]+*+NOUN,
14,"Premise: A woman wearing a yellow and white outfit is exiting the vehicle while using city transportation.
Hypothesis: A woman dressed in white and yellow exits a vehicle.",entailment,[woman]|[large]+*+NOUN,
19,"Premise: A man in a white t-shirt is about to dunk a basketball through a net-less hoop.
Hypothesis: A man is playing with a basketball.",entailment,[woman]|[large]+*+NOUN,
20,"Premise: Workers in a factory watch a machine.
Hypothesis: Workers watch a machine.",entailment,[woman]|[large]+*+NOUN,
26,"Premise: A pair of people parasailing on a sunny day.
Hypothesis: Two people are parasailing.",entailment,[woman]|[large]+*+NOUN,
27,"Premise: A woman in a white long-sleeve shirt is leaning against a sleeping man in a green plaid shirt to attempt to sleep while sitting in a bus.
Hypothesis: The man on the bus is looking out the window.",entailment,[woman]|[large]+*+NOUN,
29,"Premise: A group of people watching a young lady and man.
Hypothesis: People watch other people.",entailment,[woman]|[large]+*+NOUN,
30,"Premise: A flourishing rice field near some buildings.
Hypothesis: The rice is growing well this season.",entailment,[woman]|[large]+*+NOUN,
31,"Premise: A person sitting down hold 2 items and a camera around their neck holding a trumpet.
Hypothesis: A person is holding a trumpet.",entailment,[woman]|[large]+*+NOUN,
32,"Premise: A man prepares to perform spoken word while cooking at home. 
Hypothesis: A man is cooking at home.",entailment,[woman]|[large]+*+NOUN,
35,"Premise: A group of people are gathered on a sidewalk in front of a store nearby a littered street looking to buy food.
Hypothesis: A group of people are considering whether to shop at the store.",entailment,[woman]|[large]+*+NOUN,
39,"Premise: A bricklayer smoothing out concrete.
Hypothesis: Someone is smoothing concrete.",entailment,[woman]|[large]+*+NOUN,
40,"Premise: Dog running with a purple toy in the snowy field.
Hypothesis: A dog is running.",entailment,[woman]|[large]+*+NOUN,
48,"Premise: Four army guys with guns and army gear.
Hypothesis: The four guys are in the army.",entailment,[woman]|[large]+*+NOUN,
51,"Premise: A girl lays on the ground while sleeping on the riverbank.
Hypothesis: The girl is asleep on the riverbank.",entailment,[woman]|[large]+*+NOUN,
53,"Premise: No one on a sidewalk in between buildings.
Hypothesis: The sidewalk was deserted.",entailment,[woman]|[large]+*+NOUN,
54,"Premise: A person wearing a white helmet races in a black race car.
Hypothesis: A person wearing a white helmet races in their car.",entailment,[woman]|[large]+*+NOUN,
59,"Premise: A little boy in a yellow tee-shirt is relaxing and taking a bite of a banana.
Hypothesis: A little boy in yellow relaxes with some food.",entailment,[woman]|[large]+*+NOUN,
60,"Premise: Skateboarder lands 5 ft in the ocean and swims with the sharks
Hypothesis: A skateboarder is swimming with sharks.",entailment,[woman]|[large]+*+NOUN,
65,"Premise: Three hockey players are in the middle of a play.
Hypothesis: the bird is a bright red color.",entailment,[woman]|[large]+*+NOUN,
68,"Premise: A yellow backhoe digging dirt and rocks in a field by a road taking instructions from the woman.
Hypothesis: A backhoe talking to a woman while digging.",entailment,[woman]|[large]+*+NOUN,
69,"Premise: A man in a costume plays on his phone.
Hypothesis: A performer is playing a game on his phone in between shows.",entailment,[woman]|[large]+*+NOUN,
70,"Premise: A man in jeans, a t-shirt, and a baseball cap is lying down on a wooden floor.
Hypothesis: There is a man lying on the floor.",entailment,[woman]|[large]+*+NOUN,
71,"Premise: A police officer in a black uniform and protective gear is standing in a crowd.
Hypothesis: A police officer is working crowd control.",entailment,[woman]|[large]+*+NOUN,
74,"Premise: A young woman and an older man are making food at a street market.
Hypothesis: Two people are making food on the street.",entailment,[woman]|[large]+*+NOUN,
76,"Premise: A man with his head close to a laptop pressing a button.
Hypothesis: A man is using a laptop.",entailment,[woman]|[large]+*+NOUN,
81,"Premise: A man in a field with an airplane in view.
Hypothesis: The man is in a field.",entailment,[woman]|[large]+*+NOUN,
83,"Premise: There is a group of five men in dark blue outfits and one is playing an accordion.
Hypothesis: A lot of men.",entailment,[woman]|[large]+*+NOUN,
84,"Premise: A woman riding a scooter is in front of many other people riding scooters down the street.
Hypothesis: A woman is leading a group of people on scooters.",entailment,[woman]|[large]+*+NOUN,
86,"Premise: A little boy is crying on a playground and a little is riding a toy bike.
Hypothesis: There are two children in this picture.",entailment,[woman]|[large]+*+NOUN,
93,"Premise: Women and a man have a conversation while others party in the background.
Hypothesis: Three sisters are discussing politics in an otherwise quiet room.",entailment,[woman]|[large]+*+NOUN,
94,"Premise: Expert snowboard is trying a new trick.
Hypothesis: The person is snowboarding.",entailment,[woman]|[large]+*+NOUN,
95,"Premise: A homeless man carries his belongings on a wheeled carrier in front of a back drop of graffiti.
Hypothesis: The man is homeless.",entailment,[woman]|[large]+*+NOUN,
97,"Premise: A man in a leather jacket and hat looking off into the distance.
Hypothesis: A man looking into the distance",entailment,[woman]|[large]+*+NOUN,
98,"Premise: A brown kid wearing jeans and no shirt in a barn is weaving a straw rug.
Hypothesis: The boy is weaving a rug in the barn.",entailment,[woman]|[large]+*+NOUN,
100,"Premise: Flaming are shooting from the back of a race car taking off.
Hypothesis: Flames are shooting from the rear of a race car as it takes off.",entailment,[woman]|[large]+*+NOUN,
104,"Premise: A woman in a blue coat and dark boots.
Hypothesis: The woman wears dark boots.",entailment,[woman]|[large]+*+NOUN,
106,"Premise: A man and a woman standing on a sidewalk in between buildings.
Hypothesis: The sidewalk was between buildings.",entailment,[woman]|[large]+*+NOUN,
110,"Premise: A view of a park during the daytime with large skyscrapers in the background.
Hypothesis: It is daytime outside",entailment,[woman]|[large]+*+NOUN,"[[['skyscrapers', 'in'], 11, 13]]"
118,"Premise: Dogs are working to package the hotdogs.
Hypothesis: A group of dogs working to package the food.",entailment,[woman]|[large]+*+NOUN,
122,"Premise: A band consisting of a guitar payer, banjo player, and accordion player, performs as a group of middle-aged people dance.
Hypothesis: The band is performing for a crowd.",entailment,[woman]|[large]+*+NOUN,
123,"Premise: one male and one female playing instruments in the street.
Hypothesis: The two people are in the street.",entailment,[woman]|[large]+*+NOUN,
130,"Premise: A child dressed like a superhero ringing a doorbell.
Hypothesis: The child is trick-or-treating.",entailment,[woman]|[large]+*+NOUN,
132,"Premise: An older man and woman sitting on a cement bench with frowns on their faces are arguing about money.
Hypothesis: The man and woman are arguing about money",entailment,[woman]|[large]+*+NOUN,
138,"Premise: Two women with black hair stand in front of plywood.
Hypothesis: Two women are near plywood.",entailment,[woman]|[large]+*+NOUN,
142,"Premise: A woman using a whisk to blend the liquid contents in a measuring cup.
Hypothesis: The woman is blending liquids in a measuring cup.",entailment,[woman]|[large]+*+NOUN,
151,"Premise: A young man doing a flip at a city park.
Hypothesis: He is outside.",entailment,[woman]|[large]+*+NOUN,
153,"Premise: A woman in an outdoor marketplace, wearing a large cone shaped hat, standing behind two large baskets containing loaves of bread.
Hypothesis: A woman is at a marketplace.",entailment,[woman]|[large]+*+NOUN,"[[['shaped', 'hat,'], 11, 13], [['loaves', 'of'], 19, 21]]"
154,"Premise: A view of a nature during the daytime with large skyscrapers in the background.
Hypothesis: it is sunny outside",entailment,[woman]|[large]+*+NOUN,"[[['skyscrapers', 'in'], 11, 13]]"
155,"Premise: Two children kick each other while being suspended from the ceiling.
Hypothesis: The two kids are kicking each other.",entailment,[woman]|[large]+*+NOUN,
158,"Premise: A large crowd of people are walking for the cure on a gray, overcast day with a blue car heading in the opposite direction.
Hypothesis: A huge crowd of people are walking.",entailment,[woman]|[large]+*+NOUN,"[[['crowd', 'of'], 3, 5]]"
159,"Premise: An elderly man reads a newspaper next to some garbage cans and a wall covered in graffiti.
Hypothesis: An old person is next to a graffiti covered wall and the garbage as he reads.",entailment,[woman]|[large]+*+NOUN,
160,"Premise: People sitting on the street curb watching the passersby.
Hypothesis: People are sitting on a curb",entailment,[woman]|[large]+*+NOUN,
161,"Premise: A girl wearing a helmet pedals her bike down the street.
Hypothesis: The girl is learning how to ride a bike.",entailment,[woman]|[large]+*+NOUN,
167,"Premise: A lit girl splashes around in natural water.
Hypothesis: A girl splashes in water.",entailment,[woman]|[large]+*+NOUN,
168,"Premise: Two little wiener dogs are running on the grass carrying a red ball between them.
Hypothesis: Two little wiener dogs are carrying a red ball together as they run on the grass.",entailment,[woman]|[large]+*+NOUN,
171,"Premise: The gentleman is quite well groomed.
Hypothesis: The man is good looking.",entailment,[woman]|[large]+*+NOUN,
173,"Premise: A man is seen coughing in a crowded street.
Hypothesis: A man is coughing.",entailment,[woman]|[large]+*+NOUN,
175,"Premise: Two men wearing white bathrobes, one with a red belt one with a blue belt take a sauna bath after a fight with another man who was refereeing.
Hypothesis: Two men in white bathrobes, one with a red belt and one with a blue belt, are relaxing in a sauna.",entailment,[woman]|[large]+*+NOUN,
177,"Premise: The man wearing blue jeans is fishing.
Hypothesis: The man is in pants and fishing.",entailment,[woman]|[large]+*+NOUN,
180,"Premise: A man in a bathing suit sleeps on one ski while being pulled by a rope.
Hypothesis: A man is sleep.",entailment,[woman]|[large]+*+NOUN,
181,"Premise: A person is on a four wheeler kicking up a lot of dirt in a dune.
Hypothesis: The person is in dirt.",entailment,[woman]|[large]+*+NOUN,
183,"Premise: Three people, the one in the center has a bag, are crossing a busy street.
Hypothesis: Three people cross a street.",entailment,[woman]|[large]+*+NOUN,
184,"Premise: A  man appears to be staring at a device, awed by the technology.
Hypothesis: The man is marveling at the technology.",entailment,[woman]|[large]+*+NOUN,
185,"Premise: A woman in a blue dress is leaning on a wall with graffiti painted on it.
Hypothesis: The woman is leaning on a wall.",entailment,[woman]|[large]+*+NOUN,
189,"Premise: Basketball player kneeling down to tie her tennis shoe.
Hypothesis: Basketball player kneeling down to tie her shoe.",entailment,[woman]|[large]+*+NOUN,
197,"Premise: Two young boys looking at comic books on a couch.
Hypothesis: Two boys are reading on the couch.",entailment,[woman]|[large]+*+NOUN,
198,"Premise: A man in a safety vest and black hat wearing rubber gloves is crouched down on a corner of an intersection, doing something with a stick.
Hypothesis: A man is dressed in a way to be as safe as possible.",entailment,[woman]|[large]+*+NOUN,
200,"Premise: Two people sitting are sitting naked  in hats and shades.
Hypothesis: Two people are sitting naked.",entailment,[woman]|[large]+*+NOUN,
202,"Premise: A little boy bowls in a carpeted hallway.
Hypothesis: A boy is bowling.",entailment,[woman]|[large]+*+NOUN,
203,"Premise: woman in white walking on the street.
Hypothesis: a woman in white walks outside",entailment,[woman]|[large]+*+NOUN,
218,"Premise: A group of women dressed as characters from star treck.
Hypothesis: A group of women are are wearing costumes.",entailment,[woman]|[large]+*+NOUN,
220,"Premise: Young boy brushing his teeth with a woman in the background.
Hypothesis: A young boy is brushing his teeth",entailment,[woman]|[large]+*+NOUN,
226,"Premise: Five people staring in the same direction, two of whom are wearing face masks.
Hypothesis: 5 people stare in the same direction.",entailment,[woman]|[large]+*+NOUN,
227,"Premise: Two kayakers interrupt a race. 
Hypothesis: Two men on kayaks disrupt boat race",entailment,[woman]|[large]+*+NOUN,
229,"Premise: Man in blue shirt is having a conversation with the man in the jacket.
Hypothesis: A man is talking with another man whose in a jacket.",entailment,[woman]|[large]+*+NOUN,
235,"Premise: A man in a green shirt is getting his feet wet in front of a wall showing a closeup picture of a face.
Hypothesis: The man is in front of a wall.",entailment,[woman]|[large]+*+NOUN,
237,"Premise: A cyclist wearing plaid pants and a green shirt is biking down a hill.
Hypothesis: A person rides a bike down a hill wearing pants.",entailment,[woman]|[large]+*+NOUN,
238,"Premise: A pair of hands being washed in a sink.
Hypothesis: Hands are being washed in a sink.",entailment,[woman]|[large]+*+NOUN,
240,"Premise: a perplexed man puts his hands up while telling an amusing story to his friend with a beard.
Hypothesis: The man is perplexed by the events.",entailment,[woman]|[large]+*+NOUN,
241,"Premise: A Seattle firefighter standing in front of his truck.
Hypothesis: The firefighter is standing.",entailment,[woman]|[large]+*+NOUN,
242,"Premise: Two people are sitting under a tent while another stands.
Hypothesis: Two people sitting under a tent while another is standing.",entailment,[woman]|[large]+*+NOUN,
252,"Premise: a young boy wearing a blue outfit playing with a rocket.
Hypothesis: A boy is wearing a blue outfit.",entailment,[woman]|[large]+*+NOUN,
254,"Premise: A man in a park is leaning on a bar looking, towards the camera while a boy in the background is leaning over a bar, and a lady with a bag of cookies is reaching towards a girl.
Hypothesis: The woman has cookies in her bag.",entailment,[woman]|[large]+*+NOUN,"[[[], 47, 50]]"
256,"Premise: A person on a bmx bike, running a course.
Hypothesis: A biker races over a dirt track.",entailment,[woman]|[large]+*+NOUN,
259,"Premise: Several people are riding on a roller coaster while reacting to going through a loop in various ways.
Hypothesis: People were reacting to the roller coaster in different ways.",entailment,[woman]|[large]+*+NOUN,
262,"Premise: A man is jumping off the grass safely while holding onto a giant white balloon.
Hypothesis: The man leapt to safety without letting go of his balloon.",entailment,[woman]|[large]+*+NOUN,
263,"Premise: Man in a blue coat holding a sign.
Hypothesis: A sign was held by a man in a blue coat.",entailment,[woman]|[large]+*+NOUN,
265,"Premise: A gold Chevrolet car on display at a convention
Hypothesis: An expensive car on display at a convention for rich enthusiasts.",entailment,[woman]|[large]+*+NOUN,
270,"Premise: A man with red and yellow knee high socks, a polka dot short-sleeved button up shirt, suspenders and brown shorts with a design on them is in front of an audience working a strange contraption in his hands.
Hypothesis: A man plays a harp in front of an enthralled audience.",entailment,[woman]|[large]+*+NOUN,
273,"Premise: Many people are crowding around a lady in a red shirt who is laying down hurt next to two bikes.
Hypothesis: Many people are crowding around her.",entailment,[woman]|[large]+*+NOUN,
280,"Premise: Two track and field sprinters are running side by side.
Hypothesis: Two sprinters are running next to each other.",entailment,[woman]|[large]+*+NOUN,
284,"Premise: Three young boys playing video games while lying on their bed.
Hypothesis: Three young boys play video games in their bedroom.",entailment,[woman]|[large]+*+NOUN,
286,"Premise: A snowboarder using a burton snowboard performs a jump on the clean, white snow.
Hypothesis: a snowboarder using a burton snowboard performs in the snow",entailment,[woman]|[large]+*+NOUN,
290,"Premise: Three labradors are sitting, resting.
Hypothesis: Three dogs are sitting and resting.",entailment,[woman]|[large]+*+NOUN,
292,"Premise: A peoples wearing all black clothes
Hypothesis: The people are all wearing black clothes.",entailment,[woman]|[large]+*+NOUN,
295,"Premise: Artist on street corner selling his artwork.
Hypothesis: Someone is selling paintings.",entailment,[woman]|[large]+*+NOUN,
302,"Premise: A woman in a blue coat walks home along a sidewalk, in front of a subway sign.
Hypothesis: A woman heading home.",entailment,[woman]|[large]+*+NOUN,"[[[], 25, 28]]"
306,"Premise: The dog takes a leap on the beach to retrieve an unknown item.
Hypothesis: A dog is fetching something.",entailment,[woman]|[large]+*+NOUN,
310,"Premise: Two men near a building, one smoking and pulling off a leather glove, and the other man is standing wearing a blue construction helmet.
Hypothesis: There are at least three people in the photo.",entailment,[woman]|[large]+*+NOUN,
311,"Premise: Workers in a factory watch a machine, thinking about their job security.
Hypothesis: Workers contemplate their job security.",entailment,[woman]|[large]+*+NOUN,
313,"Premise: Footballers have made three people pyramids.
Hypothesis: Football players have made three people pyramids.",entailment,[woman]|[large]+*+NOUN,
319,"Premise: A man is sitting on the ground next to a rope that is attached to a bike while surrounded by people. 
Hypothesis: A man is sitting on the ground",entailment,[woman]|[large]+*+NOUN,
320,"Premise: A young couple conversing inside a hip dance club.
Hypothesis: A couple have a conversation inside a dance club.",entailment,[woman]|[large]+*+NOUN,
324,"Premise: A baby falls asleep on a blanket outside with his stuffed animal.
Hypothesis: A baby is sleeping.",entailment,[woman]|[large]+*+NOUN,
327,"Premise: Santa in his red suit is on an unfinished tile roof of a building about to descend the chimney.
Hypothesis: Santa Claus in his red suit prepares to go down a chimney.",entailment,[woman]|[large]+*+NOUN,
329,"Premise: An old woman in a dress with flowers and a stuffed bee attached to it, is pushing a baby stroller down the street.
Hypothesis: An old lady pushing a stroller down a busy street.",entailment,[woman]|[large]+*+NOUN,
334,"Premise: A man is doing a headstand, balanced on a bottle, on a street corner with a crowd around him.
Hypothesis: A man is surrounded by people, balancing on a bottle outside",entailment,[woman]|[large]+*+NOUN,
335,"Premise: A boy pushing a miniature car on a lawn as his friend arrives.
Hypothesis: A boy pushes a miniature car on a lawn while waiting for his friend.",entailment,[woman]|[large]+*+NOUN,
338,"Premise: A woman is standing near the water, looks to be throwing something.
Hypothesis: The woman is standing near the water.",entailment,[woman]|[large]+*+NOUN,
339,"Premise: A blond-haired child squeezes paint onto a spinning wheel.
Hypothesis: A child squeezing",entailment,[woman]|[large]+*+NOUN,
340,"Premise: A group of kids in robes singing and playing catch on the field.
Hypothesis: A group of kids playing on a playground.",entailment,[woman]|[large]+*+NOUN,
345,"Premise: People are sitting in chairs eating ribs outdoors.
Hypothesis: The people are sitting outside, eating ribs.",entailment,[woman]|[large]+*+NOUN,
350,"Premise: Four women standing around a yellow table are looking at laptops.
Hypothesis: A group of women looking at laptops together.",entailment,[woman]|[large]+*+NOUN,
357,"Premise: A businessman in a white suit conducts necessary business in a plaza using a concrete abutment as a work table.
Hypothesis: man in suit",entailment,[woman]|[large]+*+NOUN,
359,"Premise: Three football players are tackling a red uniformed football player during a football game.
Hypothesis: Its a three against one tackle in the football game.",entailment,[woman]|[large]+*+NOUN,
363,"Premise: Man and woman rowing on surfboards third rower in distance.
Hypothesis: Couples rowing on surfboards.",entailment,[woman]|[large]+*+NOUN,
367,"Premise: Two girls in pink on trampoline, one sitting and one jumping
Hypothesis: the girls are jumping",entailment,[woman]|[large]+*+NOUN,
370,"Premise: There is a man indoors poking a long stick with prosthetic arms.
Hypothesis: The man has no arms.",entailment,[woman]|[large]+*+NOUN,
376,"Premise: A girl with long light brown hair is standing outside.
Hypothesis: A girl has long light brown hair.",entailment,[woman]|[large]+*+NOUN,
379,"Premise: two black and white dogs fighting in the snow
Hypothesis: The animals fight in the snow.",entailment,[woman]|[large]+*+NOUN,
385,"Premise: A man in a red sleeveless shirt snores in front of a door.
Hypothesis: The man is sleeping in front of a door",entailment,[woman]|[large]+*+NOUN,
386,"Premise: A young woman plays on a swing set while two cats watch fish in an aquarium.
Hypothesis: Two cats watching fish in an aquarium.",entailment,[woman]|[large]+*+NOUN,
392,"Premise: two men sit at a encripted stone in the mountains.
Hypothesis: The men are outside in the mountains.",entailment,[woman]|[large]+*+NOUN,
394,"Premise: A boy kicks a giant baseball to a child while a group of children watch.
Hypothesis: The boy is kicking the ball to another child.",entailment,[woman]|[large]+*+NOUN,
404,"Premise: A woman traveler in blue jeans sits by a curb and waits.
Hypothesis: A woman is waiting on a curb.",entailment,[woman]|[large]+*+NOUN,"[[['traveler', 'in'], 3, 5]]"
411,"Premise: A man is sitting at a table drinking a beer. 
Hypothesis: A man sits at a table drinking a beer.",entailment,[woman]|[large]+*+NOUN,
412,"Premise: A woman wearing a purple dress and black boots walks through a crowd drinking from a glass bottle.
Hypothesis: The woman is drinking from a glass bottle.",entailment,[woman]|[large]+*+NOUN,
414,"Premise: Two people playing with a volleyball in a pool.
Hypothesis: A couple people play with a ball in the water.",entailment,[woman]|[large]+*+NOUN,
416,"Premise: A man in a navy blue jacket holding a tool in his dirty hand.
Hypothesis: A man is holding a tool.",entailment,[woman]|[large]+*+NOUN,
418,"Premise: A little boy, playing t-ball on a sunny day with his dad watching from behind the fence.
Hypothesis: On a sunny day, a Dad is watching his son  play t-ball.",entailment,[woman]|[large]+*+NOUN,
419,"Premise: A woman is sitting  with her stuff animal and candy apple, while another woman performs CPR on a child near the water.
Hypothesis: A woman performs CPR on an unresponsive child near the water.",entailment,[woman]|[large]+*+NOUN,
421,"Premise: Friends running a race hand in hand.
Hypothesis: The people running hand and hand are friends.",entailment,[woman]|[large]+*+NOUN,
423,"Premise: Several man in black tops play the guitar.
Hypothesis: People are playing music.",entailment,[woman]|[large]+*+NOUN,
427,"Premise: Many army men in a line holding guns in green uniforms walking down a concrete road for a parade with a big building in the background.
Hypothesis: Army men march down a road in uniform for a parade.",entailment,[woman]|[large]+*+NOUN,
430,"Premise: A group of people looks from below at several balconies, also occupied by people, which are present on the sides of a group of three apartment buildings.
Hypothesis: The people are looking upward.",entailment,[woman]|[large]+*+NOUN,
1,"Premise: A runner, number C103, in a race is wearing a green and white tank top and black shorts.
Hypothesis: the runner is in a race",entailment,[woman]|[suit]+VERB,
2,"Premise: A man in a black shirt and blue jeans crawls on a table.
Hypothesis: A man wearing a black shirt.",entailment,[woman]|[suit]+VERB,
3,"Premise: A little boy wearing goggles on top of his head, jumps through a deep water puddle with long pants on and having fun.
Hypothesis: A boy is splashing through a puddle for fun.",entailment,[woman]|[suit]+VERB,
4,"Premise: A woman with a beautiful dress and matching umbrella is walking down the street carrying a purse on her arm.
Hypothesis: The woman is walking down the street.",entailment,[woman]|[suit]+VERB,
7,"Premise: Two children smiling and sitting on grass.
Hypothesis: Two children are sitting in the grass.",entailment,[woman]|[suit]+VERB,
8,"Premise: A young man standing outside a laundromat.
Hypothesis: A man is standing.",entailment,[woman]|[suit]+VERB,
9,"Premise: A woman wearing a green shirt stands on the railroad tracks.
Hypothesis: The woman is wearing a green shirt.",entailment,[woman]|[suit]+VERB,"[[['wearing', 'a'], 3, 5]]"
10,"Premise: Three lean, numbered, greyhounds eat dog food before race.
Hypothesis: The greyhounds are eating dog food.",entailment,[woman]|[suit]+VERB,
13,"Premise: A boy in a white shirt walks in the ocean.
Hypothesis: A boy going to get wet in the ocean.",entailment,[woman]|[suit]+VERB,
14,"Premise: A woman wearing a yellow and white outfit is exiting the vehicle while using city transportation.
Hypothesis: A woman dressed in white and yellow exits a vehicle.",entailment,[woman]|[suit]+VERB,"[[['wearing', 'a'], 3, 5], [['yellow', 'exits'], 23, 25]]"
19,"Premise: A man in a white t-shirt is about to dunk a basketball through a net-less hoop.
Hypothesis: A man is playing with a basketball.",entailment,[woman]|[suit]+VERB,
20,"Premise: Workers in a factory watch a machine.
Hypothesis: Workers watch a machine.",entailment,[woman]|[suit]+VERB,
26,"Premise: A pair of people parasailing on a sunny day.
Hypothesis: Two people are parasailing.",entailment,[woman]|[suit]+VERB,
27,"Premise: A woman in a white long-sleeve shirt is leaning against a sleeping man in a green plaid shirt to attempt to sleep while sitting in a bus.
Hypothesis: The man on the bus is looking out the window.",entailment,[woman]|[suit]+VERB,
29,"Premise: A group of people watching a young lady and man.
Hypothesis: People watch other people.",entailment,[woman]|[suit]+VERB,
30,"Premise: A flourishing rice field near some buildings.
Hypothesis: The rice is growing well this season.",entailment,[woman]|[suit]+VERB,
31,"Premise: A person sitting down hold 2 items and a camera around their neck holding a trumpet.
Hypothesis: A person is holding a trumpet.",entailment,[woman]|[suit]+VERB,
32,"Premise: A man prepares to perform spoken word while cooking at home. 
Hypothesis: A man is cooking at home.",entailment,[woman]|[suit]+VERB,
35,"Premise: A group of people are gathered on a sidewalk in front of a store nearby a littered street looking to buy food.
Hypothesis: A group of people are considering whether to shop at the store.",entailment,[woman]|[suit]+VERB,
39,"Premise: A bricklayer smoothing out concrete.
Hypothesis: Someone is smoothing concrete.",entailment,[woman]|[suit]+VERB,
40,"Premise: Dog running with a purple toy in the snowy field.
Hypothesis: A dog is running.",entailment,[woman]|[suit]+VERB,
48,"Premise: Four army guys with guns and army gear.
Hypothesis: The four guys are in the army.",entailment,[woman]|[suit]+VERB,
51,"Premise: A girl lays on the ground while sleeping on the riverbank.
Hypothesis: The girl is asleep on the riverbank.",entailment,[woman]|[suit]+VERB,
53,"Premise: No one on a sidewalk in between buildings.
Hypothesis: The sidewalk was deserted.",entailment,[woman]|[suit]+VERB,
54,"Premise: A person wearing a white helmet races in a black race car.
Hypothesis: A person wearing a white helmet races in their car.",entailment,[woman]|[suit]+VERB,
59,"Premise: A little boy in a yellow tee-shirt is relaxing and taking a bite of a banana.
Hypothesis: A little boy in yellow relaxes with some food.",entailment,[woman]|[suit]+VERB,
60,"Premise: Skateboarder lands 5 ft in the ocean and swims with the sharks
Hypothesis: A skateboarder is swimming with sharks.",entailment,[woman]|[suit]+VERB,
65,"Premise: Three hockey players are in the middle of a play.
Hypothesis: the bird is a bright red color.",entailment,[woman]|[suit]+VERB,
68,"Premise: A yellow backhoe digging dirt and rocks in a field by a road taking instructions from the woman.
Hypothesis: A backhoe talking to a woman while digging.",entailment,[woman]|[suit]+VERB,
69,"Premise: A man in a costume plays on his phone.
Hypothesis: A performer is playing a game on his phone in between shows.",entailment,[woman]|[suit]+VERB,
70,"Premise: A man in jeans, a t-shirt, and a baseball cap is lying down on a wooden floor.
Hypothesis: There is a man lying on the floor.",entailment,[woman]|[suit]+VERB,
71,"Premise: A police officer in a black uniform and protective gear is standing in a crowd.
Hypothesis: A police officer is working crowd control.",entailment,[woman]|[suit]+VERB,
74,"Premise: A young woman and an older man are making food at a street market.
Hypothesis: Two people are making food on the street.",entailment,[woman]|[suit]+VERB,
76,"Premise: A man with his head close to a laptop pressing a button.
Hypothesis: A man is using a laptop.",entailment,[woman]|[suit]+VERB,
81,"Premise: A man in a field with an airplane in view.
Hypothesis: The man is in a field.",entailment,[woman]|[suit]+VERB,
83,"Premise: There is a group of five men in dark blue outfits and one is playing an accordion.
Hypothesis: A lot of men.",entailment,[woman]|[suit]+VERB,
84,"Premise: A woman riding a scooter is in front of many other people riding scooters down the street.
Hypothesis: A woman is leading a group of people on scooters.",entailment,[woman]|[suit]+VERB,"[[['riding', 'a'], 3, 5]]"
86,"Premise: A little boy is crying on a playground and a little is riding a toy bike.
Hypothesis: There are two children in this picture.",entailment,[woman]|[suit]+VERB,
93,"Premise: Women and a man have a conversation while others party in the background.
Hypothesis: Three sisters are discussing politics in an otherwise quiet room.",entailment,[woman]|[suit]+VERB,
94,"Premise: Expert snowboard is trying a new trick.
Hypothesis: The person is snowboarding.",entailment,[woman]|[suit]+VERB,
95,"Premise: A homeless man carries his belongings on a wheeled carrier in front of a back drop of graffiti.
Hypothesis: The man is homeless.",entailment,[woman]|[suit]+VERB,
97,"Premise: A man in a leather jacket and hat looking off into the distance.
Hypothesis: A man looking into the distance",entailment,[woman]|[suit]+VERB,
98,"Premise: A brown kid wearing jeans and no shirt in a barn is weaving a straw rug.
Hypothesis: The boy is weaving a rug in the barn.",entailment,[woman]|[suit]+VERB,
100,"Premise: Flaming are shooting from the back of a race car taking off.
Hypothesis: Flames are shooting from the rear of a race car as it takes off.",entailment,[woman]|[suit]+VERB,
104,"Premise: A woman in a blue coat and dark boots.
Hypothesis: The woman wears dark boots.",entailment,[woman]|[suit]+VERB,"[[[], 16, 18]]"
106,"Premise: A man and a woman standing on a sidewalk in between buildings.
Hypothesis: The sidewalk was between buildings.",entailment,[woman]|[suit]+VERB,"[[['standing', 'on'], 6, 8]]"
110,"Premise: A view of a park during the daytime with large skyscrapers in the background.
Hypothesis: It is daytime outside",entailment,[woman]|[suit]+VERB,
118,"Premise: Dogs are working to package the hotdogs.
Hypothesis: A group of dogs working to package the food.",entailment,[woman]|[suit]+VERB,
122,"Premise: A band consisting of a guitar payer, banjo player, and accordion player, performs as a group of middle-aged people dance.
Hypothesis: The band is performing for a crowd.",entailment,[woman]|[suit]+VERB,
123,"Premise: one male and one female playing instruments in the street.
Hypothesis: The two people are in the street.",entailment,[woman]|[suit]+VERB,
130,"Premise: A child dressed like a superhero ringing a doorbell.
Hypothesis: The child is trick-or-treating.",entailment,[woman]|[suit]+VERB,
132,"Premise: An older man and woman sitting on a cement bench with frowns on their faces are arguing about money.
Hypothesis: The man and woman are arguing about money",entailment,[woman]|[suit]+VERB,"[[['sitting', 'on'], 6, 8]]"
138,"Premise: Two women with black hair stand in front of plywood.
Hypothesis: Two women are near plywood.",entailment,[woman]|[suit]+VERB,
142,"Premise: A woman using a whisk to blend the liquid contents in a measuring cup.
Hypothesis: The woman is blending liquids in a measuring cup.",entailment,[woman]|[suit]+VERB,"[[['using', 'a'], 3, 5]]"
151,"Premise: A young man doing a flip at a city park.
Hypothesis: He is outside.",entailment,[woman]|[suit]+VERB,
153,"Premise: A woman in an outdoor marketplace, wearing a large cone shaped hat, standing behind two large baskets containing loaves of bread.
Hypothesis: A woman is at a marketplace.",entailment,[woman]|[suit]+VERB,
154,"Premise: A view of a nature during the daytime with large skyscrapers in the background.
Hypothesis: it is sunny outside",entailment,[woman]|[suit]+VERB,
155,"Premise: Two children kick each other while being suspended from the ceiling.
Hypothesis: The two kids are kicking each other.",entailment,[woman]|[suit]+VERB,
158,"Premise: A large crowd of people are walking for the cure on a gray, overcast day with a blue car heading in the opposite direction.
Hypothesis: A huge crowd of people are walking.",entailment,[woman]|[suit]+VERB,
159,"Premise: An elderly man reads a newspaper next to some garbage cans and a wall covered in graffiti.
Hypothesis: An old person is next to a graffiti covered wall and the garbage as he reads.",entailment,[woman]|[suit]+VERB,
160,"Premise: People sitting on the street curb watching the passersby.
Hypothesis: People are sitting on a curb",entailment,[woman]|[suit]+VERB,
161,"Premise: A girl wearing a helmet pedals her bike down the street.
Hypothesis: The girl is learning how to ride a bike.",entailment,[woman]|[suit]+VERB,
167,"Premise: A lit girl splashes around in natural water.
Hypothesis: A girl splashes in water.",entailment,[woman]|[suit]+VERB,
168,"Premise: Two little wiener dogs are running on the grass carrying a red ball between them.
Hypothesis: Two little wiener dogs are carrying a red ball together as they run on the grass.",entailment,[woman]|[suit]+VERB,
171,"Premise: The gentleman is quite well groomed.
Hypothesis: The man is good looking.",entailment,[woman]|[suit]+VERB,
173,"Premise: A man is seen coughing in a crowded street.
Hypothesis: A man is coughing.",entailment,[woman]|[suit]+VERB,
175,"Premise: Two men wearing white bathrobes, one with a red belt one with a blue belt take a sauna bath after a fight with another man who was refereeing.
Hypothesis: Two men in white bathrobes, one with a red belt and one with a blue belt, are relaxing in a sauna.",entailment,[woman]|[suit]+VERB,
177,"Premise: The man wearing blue jeans is fishing.
Hypothesis: The man is in pants and fishing.",entailment,[woman]|[suit]+VERB,
180,"Premise: A man in a bathing suit sleeps on one ski while being pulled by a rope.
Hypothesis: A man is sleep.",entailment,[woman]|[suit]+VERB,"[[['sleeps', 'on'], 7, 9]]"
181,"Premise: A person is on a four wheeler kicking up a lot of dirt in a dune.
Hypothesis: The person is in dirt.",entailment,[woman]|[suit]+VERB,
183,"Premise: Three people, the one in the center has a bag, are crossing a busy street.
Hypothesis: Three people cross a street.",entailment,[woman]|[suit]+VERB,
184,"Premise: A  man appears to be staring at a device, awed by the technology.
Hypothesis: The man is marveling at the technology.",entailment,[woman]|[suit]+VERB,
185,"Premise: A woman in a blue dress is leaning on a wall with graffiti painted on it.
Hypothesis: The woman is leaning on a wall.",entailment,[woman]|[suit]+VERB,
189,"Premise: Basketball player kneeling down to tie her tennis shoe.
Hypothesis: Basketball player kneeling down to tie her shoe.",entailment,[woman]|[suit]+VERB,
197,"Premise: Two young boys looking at comic books on a couch.
Hypothesis: Two boys are reading on the couch.",entailment,[woman]|[suit]+VERB,
198,"Premise: A man in a safety vest and black hat wearing rubber gloves is crouched down on a corner of an intersection, doing something with a stick.
Hypothesis: A man is dressed in a way to be as safe as possible.",entailment,[woman]|[suit]+VERB,
200,"Premise: Two people sitting are sitting naked  in hats and shades.
Hypothesis: Two people are sitting naked.",entailment,[woman]|[suit]+VERB,
202,"Premise: A little boy bowls in a carpeted hallway.
Hypothesis: A boy is bowling.",entailment,[woman]|[suit]+VERB,
203,"Premise: woman in white walking on the street.
Hypothesis: a woman in white walks outside",entailment,[woman]|[suit]+VERB,
218,"Premise: A group of women dressed as characters from star treck.
Hypothesis: A group of women are are wearing costumes.",entailment,[woman]|[suit]+VERB,"[[['dressed', 'as'], 5, 7]]"
220,"Premise: Young boy brushing his teeth with a woman in the background.
Hypothesis: A young boy is brushing his teeth",entailment,[woman]|[suit]+VERB,
226,"Premise: Five people staring in the same direction, two of whom are wearing face masks.
Hypothesis: 5 people stare in the same direction.",entailment,[woman]|[suit]+VERB,
227,"Premise: Two kayakers interrupt a race. 
Hypothesis: Two men on kayaks disrupt boat race",entailment,[woman]|[suit]+VERB,
229,"Premise: Man in blue shirt is having a conversation with the man in the jacket.
Hypothesis: A man is talking with another man whose in a jacket.",entailment,[woman]|[suit]+VERB,
235,"Premise: A man in a green shirt is getting his feet wet in front of a wall showing a closeup picture of a face.
Hypothesis: The man is in front of a wall.",entailment,[woman]|[suit]+VERB,
237,"Premise: A cyclist wearing plaid pants and a green shirt is biking down a hill.
Hypothesis: A person rides a bike down a hill wearing pants.",entailment,[woman]|[suit]+VERB,
238,"Premise: A pair of hands being washed in a sink.
Hypothesis: Hands are being washed in a sink.",entailment,[woman]|[suit]+VERB,
240,"Premise: a perplexed man puts his hands up while telling an amusing story to his friend with a beard.
Hypothesis: The man is perplexed by the events.",entailment,[woman]|[suit]+VERB,
241,"Premise: A Seattle firefighter standing in front of his truck.
Hypothesis: The firefighter is standing.",entailment,[woman]|[suit]+VERB,
242,"Premise: Two people are sitting under a tent while another stands.
Hypothesis: Two people sitting under a tent while another is standing.",entailment,[woman]|[suit]+VERB,
252,"Premise: a young boy wearing a blue outfit playing with a rocket.
Hypothesis: A boy is wearing a blue outfit.",entailment,[woman]|[suit]+VERB,
254,"Premise: A man in a park is leaning on a bar looking, towards the camera while a boy in the background is leaning over a bar, and a lady with a bag of cookies is reaching towards a girl.
Hypothesis: The woman has cookies in her bag.",entailment,[woman]|[suit]+VERB,
256,"Premise: A person on a bmx bike, running a course.
Hypothesis: A biker races over a dirt track.",entailment,[woman]|[suit]+VERB,
259,"Premise: Several people are riding on a roller coaster while reacting to going through a loop in various ways.
Hypothesis: People were reacting to the roller coaster in different ways.",entailment,[woman]|[suit]+VERB,
262,"Premise: A man is jumping off the grass safely while holding onto a giant white balloon.
Hypothesis: The man leapt to safety without letting go of his balloon.",entailment,[woman]|[suit]+VERB,
263,"Premise: Man in a blue coat holding a sign.
Hypothesis: A sign was held by a man in a blue coat.",entailment,[woman]|[suit]+VERB,
265,"Premise: A gold Chevrolet car on display at a convention
Hypothesis: An expensive car on display at a convention for rich enthusiasts.",entailment,[woman]|[suit]+VERB,
270,"Premise: A man with red and yellow knee high socks, a polka dot short-sleeved button up shirt, suspenders and brown shorts with a design on them is in front of an audience working a strange contraption in his hands.
Hypothesis: A man plays a harp in front of an enthralled audience.",entailment,[woman]|[suit]+VERB,
273,"Premise: Many people are crowding around a lady in a red shirt who is laying down hurt next to two bikes.
Hypothesis: Many people are crowding around her.",entailment,[woman]|[suit]+VERB,
280,"Premise: Two track and field sprinters are running side by side.
Hypothesis: Two sprinters are running next to each other.",entailment,[woman]|[suit]+VERB,
284,"Premise: Three young boys playing video games while lying on their bed.
Hypothesis: Three young boys play video games in their bedroom.",entailment,[woman]|[suit]+VERB,
286,"Premise: A snowboarder using a burton snowboard performs a jump on the clean, white snow.
Hypothesis: a snowboarder using a burton snowboard performs in the snow",entailment,[woman]|[suit]+VERB,
290,"Premise: Three labradors are sitting, resting.
Hypothesis: Three dogs are sitting and resting.",entailment,[woman]|[suit]+VERB,
292,"Premise: A peoples wearing all black clothes
Hypothesis: The people are all wearing black clothes.",entailment,[woman]|[suit]+VERB,
295,"Premise: Artist on street corner selling his artwork.
Hypothesis: Someone is selling paintings.",entailment,[woman]|[suit]+VERB,
302,"Premise: A woman in a blue coat walks home along a sidewalk, in front of a subway sign.
Hypothesis: A woman heading home.",entailment,[woman]|[suit]+VERB,"[[[], 25, 27]]"
306,"Premise: The dog takes a leap on the beach to retrieve an unknown item.
Hypothesis: A dog is fetching something.",entailment,[woman]|[suit]+VERB,
310,"Premise: Two men near a building, one smoking and pulling off a leather glove, and the other man is standing wearing a blue construction helmet.
Hypothesis: There are at least three people in the photo.",entailment,[woman]|[suit]+VERB,
311,"Premise: Workers in a factory watch a machine, thinking about their job security.
Hypothesis: Workers contemplate their job security.",entailment,[woman]|[suit]+VERB,
313,"Premise: Footballers have made three people pyramids.
Hypothesis: Football players have made three people pyramids.",entailment,[woman]|[suit]+VERB,
319,"Premise: A man is sitting on the ground next to a rope that is attached to a bike while surrounded by people. 
Hypothesis: A man is sitting on the ground",entailment,[woman]|[suit]+VERB,
320,"Premise: A young couple conversing inside a hip dance club.
Hypothesis: A couple have a conversation inside a dance club.",entailment,[woman]|[suit]+VERB,
324,"Premise: A baby falls asleep on a blanket outside with his stuffed animal.
Hypothesis: A baby is sleeping.",entailment,[woman]|[suit]+VERB,
327,"Premise: Santa in his red suit is on an unfinished tile roof of a building about to descend the chimney.
Hypothesis: Santa Claus in his red suit prepares to go down a chimney.",entailment,[woman]|[suit]+VERB,"[[['a', 'chimney.'], 30, 32]]"
329,"Premise: An old woman in a dress with flowers and a stuffed bee attached to it, is pushing a baby stroller down the street.
Hypothesis: An old lady pushing a stroller down a busy street.",entailment,[woman]|[suit]+VERB,
334,"Premise: A man is doing a headstand, balanced on a bottle, on a street corner with a crowd around him.
Hypothesis: A man is surrounded by people, balancing on a bottle outside",entailment,[woman]|[suit]+VERB,
335,"Premise: A boy pushing a miniature car on a lawn as his friend arrives.
Hypothesis: A boy pushes a miniature car on a lawn while waiting for his friend.",entailment,[woman]|[suit]+VERB,
338,"Premise: A woman is standing near the water, looks to be throwing something.
Hypothesis: The woman is standing near the water.",entailment,[woman]|[suit]+VERB,
339,"Premise: A blond-haired child squeezes paint onto a spinning wheel.
Hypothesis: A child squeezing",entailment,[woman]|[suit]+VERB,
340,"Premise: A group of kids in robes singing and playing catch on the field.
Hypothesis: A group of kids playing on a playground.",entailment,[woman]|[suit]+VERB,
345,"Premise: People are sitting in chairs eating ribs outdoors.
Hypothesis: The people are sitting outside, eating ribs.",entailment,[woman]|[suit]+VERB,
350,"Premise: Four women standing around a yellow table are looking at laptops.
Hypothesis: A group of women looking at laptops together.",entailment,[woman]|[suit]+VERB,"[[['standing', 'around'], 3, 5], [[], 20, 22]]"
357,"Premise: A businessman in a white suit conducts necessary business in a plaza using a concrete abutment as a work table.
Hypothesis: man in suit",entailment,[woman]|[suit]+VERB,"[[['conducts', 'necessary'], 7, 9]]"
359,"Premise: Three football players are tackling a red uniformed football player during a football game.
Hypothesis: Its a three against one tackle in the football game.",entailment,[woman]|[suit]+VERB,
363,"Premise: Man and woman rowing on surfboards third rower in distance.
Hypothesis: Couples rowing on surfboards.",entailment,[woman]|[suit]+VERB,"[[['rowing', 'on'], 4, 6]]"
367,"Premise: Two girls in pink on trampoline, one sitting and one jumping
Hypothesis: the girls are jumping",entailment,[woman]|[suit]+VERB,
370,"Premise: There is a man indoors poking a long stick with prosthetic arms.
Hypothesis: The man has no arms.",entailment,[woman]|[suit]+VERB,
376,"Premise: A girl with long light brown hair is standing outside.
Hypothesis: A girl has long light brown hair.",entailment,[woman]|[suit]+VERB,
379,"Premise: two black and white dogs fighting in the snow
Hypothesis: The animals fight in the snow.",entailment,[woman]|[suit]+VERB,
385,"Premise: A man in a red sleeveless shirt snores in front of a door.
Hypothesis: The man is sleeping in front of a door",entailment,[woman]|[suit]+VERB,
386,"Premise: A young woman plays on a swing set while two cats watch fish in an aquarium.
Hypothesis: Two cats watching fish in an aquarium.",entailment,[woman]|[suit]+VERB,"[[['plays', 'on'], 4, 6]]"
392,"Premise: two men sit at a encripted stone in the mountains.
Hypothesis: The men are outside in the mountains.",entailment,[woman]|[suit]+VERB,
394,"Premise: A boy kicks a giant baseball to a child while a group of children watch.
Hypothesis: The boy is kicking the ball to another child.",entailment,[woman]|[suit]+VERB,
404,"Premise: A woman traveler in blue jeans sits by a curb and waits.
Hypothesis: A woman is waiting on a curb.",entailment,[woman]|[suit]+VERB,
411,"Premise: A man is sitting at a table drinking a beer. 
Hypothesis: A man sits at a table drinking a beer.",entailment,[woman]|[suit]+VERB,
412,"Premise: A woman wearing a purple dress and black boots walks through a crowd drinking from a glass bottle.
Hypothesis: The woman is drinking from a glass bottle.",entailment,[woman]|[suit]+VERB,"[[['wearing', 'a'], 3, 5]]"
414,"Premise: Two people playing with a volleyball in a pool.
Hypothesis: A couple people play with a ball in the water.",entailment,[woman]|[suit]+VERB,
416,"Premise: A man in a navy blue jacket holding a tool in his dirty hand.
Hypothesis: A man is holding a tool.",entailment,[woman]|[suit]+VERB,
418,"Premise: A little boy, playing t-ball on a sunny day with his dad watching from behind the fence.
Hypothesis: On a sunny day, a Dad is watching his son  play t-ball.",entailment,[woman]|[suit]+VERB,
419,"Premise: A woman is sitting  with her stuff animal and candy apple, while another woman performs CPR on a child near the water.
Hypothesis: A woman performs CPR on an unresponsive child near the water.",entailment,[woman]|[suit]+VERB,"[[['CPR', 'on'], 17, 19], [['child', 'near'], 31, 33]]"
421,"Premise: Friends running a race hand in hand.
Hypothesis: The people running hand and hand are friends.",entailment,[woman]|[suit]+VERB,
423,"Premise: Several man in black tops play the guitar.
Hypothesis: People are playing music.",entailment,[woman]|[suit]+VERB,
427,"Premise: Many army men in a line holding guns in green uniforms walking down a concrete road for a parade with a big building in the background.
Hypothesis: Army men march down a road in uniform for a parade.",entailment,[woman]|[suit]+VERB,
430,"Premise: A group of people looks from below at several balconies, also occupied by people, which are present on the sides of a group of three apartment buildings.
Hypothesis: The people are looking upward.",entailment,[woman]|[suit]+VERB,
